id,project_id,employee_id
PMB00001,PRJ0001,EMP016
PMB00002,PRJ0001,EMP018
PMB00003,PRJ0001,EMP019
PMB00004,PRJ0001,EMP021
PMB00005,PRJ0002,EMP010
PMB00006,PRJ0002,EMP016
PMB00007,PRJ0002,EMP018
PMB00008,PRJ0002,EMP019
PMB00009,PRJ0003,EMP019
PMB00010,PRJ0003,EMP021
PMB00011,PRJ0003,EMP042
PMB00012,PRJ0003,EMP046
PMB00013,PRJ0004,EMP010
PMB00014,PRJ0004,EMP016
PMB00015,PRJ0004,EMP018
PMB00016,PRJ0004,EMP019
PMB00017,PRJ0005,EMP042
PMB00018,PRJ0005,EMP046
PMB00019,PRJ0005,EMP010
PMB00020,PRJ0005,EMP016
PMB00021,PRJ0006,EMP013
PMB00022,PRJ0006,EMP017
PMB00023,PRJ0006,EMP020
PMB00024,PRJ0006,EMP023
PMB00025,PRJ0007,EMP013
PMB00026,PRJ0007,EMP017
PMB00027,PRJ0007,EMP020
PMB00028,PRJ0007,EMP023
PMB00029,PRJ0008,EMP020
PMB00030,PRJ0008,EMP023
PMB00031,PRJ0008,EMP024
PMB00032,PRJ0008,EMP041
PMB00033,PRJ0009,EMP013
PMB00034,PRJ0009,EMP017
PMB00035,PRJ0009,EMP020
PMB00036,PRJ0009,EMP023
PMB00037,PRJ0010,EMP024
PMB00038,PRJ0010,EMP041
PMB00039,PRJ0010,EMP013
PMB00040,PRJ0010,EMP017
PMB00041,PRJ0011,EMP035
PMB00042,PRJ0011,EMP012
PMB00043,PRJ0011,EMP022
PMB00044,PRJ0011,EMP030
PMB00045,PRJ0012,EMP012
PMB00046,PRJ0012,EMP022
PMB00047,PRJ0012,EMP030
PMB00048,PRJ0012,EMP031
PMB00049,PRJ0013,EMP022
PMB00050,PRJ0013,EMP030
PMB00051,PRJ0013,EMP031
PMB00052,PRJ0013,EMP034
PMB00053,PRJ0014,EMP030
PMB00054,PRJ0014,EMP031
PMB00055,PRJ0014,EMP034
PMB00056,PRJ0014,EMP035
PMB00057,PRJ0015,EMP031
PMB00058,PRJ0015,EMP034
PMB00059,PRJ0015,EMP035
PMB00060,PRJ0015,EMP012
PMB00061,PRJ0016,EMP038
PMB00062,PRJ0016,EMP043
PMB00063,PRJ0016,EMP011
PMB00064,PRJ0016,EMP025
PMB00065,PRJ0017,EMP043
PMB00066,PRJ0017,EMP011
PMB00067,PRJ0017,EMP025
PMB00068,PRJ0017,EMP026
PMB00069,PRJ0018,EMP011
PMB00070,PRJ0018,EMP025
PMB00071,PRJ0018,EMP026
PMB00072,PRJ0018,EMP027
PMB00073,PRJ0019,EMP025
PMB00074,PRJ0019,EMP026
PMB00075,PRJ0019,EMP027
PMB00076,PRJ0019,EMP038
PMB00077,PRJ0020,EMP026
PMB00078,PRJ0020,EMP027
PMB00079,PRJ0020,EMP038
PMB00080,PRJ0020,EMP043
PMB00081,PRJ0021,EMP037
PMB00082,PRJ0021,EMP039
PMB00083,PRJ0021,EMP045
PMB00084,PRJ0021,EMP014
PMB00085,PRJ0022,EMP039
PMB00086,PRJ0022,EMP045
PMB00087,PRJ0022,EMP014
PMB00088,PRJ0022,EMP028
PMB00089,PRJ0023,EMP045
PMB00090,PRJ0023,EMP014
PMB00091,PRJ0023,EMP028
PMB00092,PRJ0023,EMP029
PMB00093,PRJ0024,EMP014
PMB00094,PRJ0024,EMP028
PMB00095,PRJ0024,EMP029
PMB00096,PRJ0024,EMP037
PMB00097,PRJ0025,EMP028
PMB00098,PRJ0025,EMP029
PMB00099,PRJ0025,EMP037
PMB00100,PRJ0025,EMP039
PMB00101,PRJ0026,EMP033
PMB00102,PRJ0026,EMP036
PMB00103,PRJ0026,EMP040
PMB00104,PRJ0026,EMP044
PMB00105,PRJ0027,EMP015
PMB00106,PRJ0027,EMP032
PMB00107,PRJ0027,EMP033
PMB00108,PRJ0027,EMP036
PMB00109,PRJ0028,EMP040
PMB00110,PRJ0028,EMP044
PMB00111,PRJ0028,EMP015
PMB00112,PRJ0028,EMP032
PMB00113,PRJ0029,EMP015
PMB00114,PRJ0029,EMP032
PMB00115,PRJ0029,EMP033
PMB00116,PRJ0029,EMP036
PMB00117,PRJ0030,EMP015
PMB00118,PRJ0030,EMP032
PMB00119,PRJ0030,EMP033
PMB00120,PRJ0030,EMP036
PMB00121,PRJ0031,EMP011
PMB00122,PRJ0031,EMP025
PMB00123,PRJ0031,EMP026
PMB00124,PRJ0031,EMP027
PMB00125,PRJ0032,EMP011
PMB00126,PRJ0032,EMP025
PMB00127,PRJ0032,EMP026
PMB00128,PRJ0032,EMP027
PMB00129,PRJ0033,EMP011
PMB00130,PRJ0033,EMP025
PMB00131,PRJ0033,EMP026
PMB00132,PRJ0033,EMP027
PMB00133,PRJ0034,EMP011
PMB00134,PRJ0034,EMP025
PMB00135,PRJ0034,EMP026
PMB00136,PRJ0034,EMP027
PMB00137,PRJ0035,EMP011
PMB00138,PRJ0035,EMP025
PMB00139,PRJ0035,EMP026
PMB00140,PRJ0035,EMP027
PMB00141,PRJ0036,EMP012
PMB00142,PRJ0036,EMP022
PMB00143,PRJ0036,EMP030
PMB00144,PRJ0036,EMP031
PMB00145,PRJ0037,EMP018
PMB00146,PRJ0037,EMP019
PMB00147,PRJ0037,EMP021
PMB00148,PRJ0037,EMP042
PMB00149,PRJ0038,EMP012
PMB00150,PRJ0038,EMP022
PMB00151,PRJ0038,EMP030
PMB00152,PRJ0038,EMP031
PMB00153,PRJ0039,EMP021
PMB00154,PRJ0039,EMP042
PMB00155,PRJ0039,EMP046
PMB00156,PRJ0039,EMP010
PMB00157,PRJ0040,EMP012
PMB00158,PRJ0040,EMP022
PMB00159,PRJ0040,EMP030
PMB00160,PRJ0040,EMP031
PMB00161,PRJ0041,EMP014
PMB00162,PRJ0041,EMP028
PMB00163,PRJ0041,EMP029
PMB00164,PRJ0041,EMP037
PMB00165,PRJ0042,EMP014
PMB00166,PRJ0042,EMP028
PMB00167,PRJ0042,EMP029
PMB00168,PRJ0042,EMP037
PMB00169,PRJ0043,EMP014
PMB00170,PRJ0043,EMP028
PMB00171,PRJ0043,EMP029
PMB00172,PRJ0043,EMP037
PMB00173,PRJ0044,EMP014
PMB00174,PRJ0044,EMP028
PMB00175,PRJ0044,EMP029
PMB00176,PRJ0044,EMP037
PMB00177,PRJ0045,EMP014
PMB00178,PRJ0045,EMP028
PMB00179,PRJ0045,EMP029
PMB00180,PRJ0045,EMP037
